id,username,created_at,lng,lat,text
1517494606992130055,Podia2Dromedary,Fri Apr 22 13:24:42 +0000 2022,-73.9685415,40.780709,@JoyceHutchens3 @Yahoo Whole situation is tragedy upon tragedy.
1517494607810297856,BasuAshis,Fri Apr 22 13:24:42 +0000 2022,-79.616073,43.555244,"‚ÄúThe Jahangirpur violence was one of many nationwide that have followed Hindu processions celebrating with swords,‚Ä¶ https://t.co/kbupvgzNWh"
1517494608233598977,tmj_KAN_schn,Fri Apr 22 13:24:42 +0000 2022,-94.6677506,39.2866275,"We're hiring in #KCMO, MO! Click the link in our bio to apply to this job and more: Warehouse Packer - 2nd shift at CVS Health #SupplyChain"
1517494608397312000,Badgerswimr,Fri Apr 22 13:24:42 +0000 2022,-88.416258,41.946893,@glenlori @DDFalpha I think you underestimate them. They have the playbook. They are 10 steps ahead. They know what‚Ä¶ https://t.co/RLxIXZF1sR
1517494609223561221,nevadoowanda,Fri Apr 22 13:24:43 +0000 2022,-90.011008,29.982601,@JustACannoli would you kiss jeremy?
1517494609596715008,JoinKHSC,Fri Apr 22 13:24:43 +0000 2022,-76.492686,44.224351,"This job might be a great fit for you: Staffing &amp; Scheduling Clerk - Temporary, Part-time - https://t.co/36j5bVmmzI"
1517494610611769345,JoinKHSC,Fri Apr 22 13:24:43 +0000 2022,-76.492686,44.224351,"Can you recommend anyone for this job in Kingston, Ontario, Canada? https://t.co/NfCDNnlIjR #nursing #ygk"
1517494611035496449,leondarkfire,Fri Apr 22 13:24:43 +0000 2022,-83.1738665,32.6782075,"I'm so tired of being a ""culture war issue"" I just wanna be Claire."
1517494610330800130,DaveWMiller,Fri Apr 22 13:24:43 +0000 2022,-98.2306605,29.579711,Big weekend in Houston! #ADEliteSATX on the move! See y‚Äôall at the @TYBLleague championship!@ADELITETX‚Ä¶ https://t.co/cMlGrPBS1G
1517494611207495680,lolarites,Fri Apr 22 13:24:43 +0000 2022,-85.4915405,32.597245,@txwhodatchic I couldn‚Äôt be happier for the Pels. I think they are going to take this series.
1517494611219910658,Jobsatclark,Fri Apr 22 13:24:43 +0000 2022,-122.6508104,45.657175,Clark College is hiring! Click to apply: Tenure-track English Professor - Education #PDX #VancouverWA https://t.co/urdQIOEZjT
1517494611463139328,AlroCareers,Fri Apr 22 13:24:43 +0000 2022,-88.0683955,41.6986416,Employment at Alro is about being part of something bigger. It‚Äôs about being on a team that employs the highest lev‚Ä¶ https://t.co/lAJziwTLxj
1517494611853283328,casacareers,Fri Apr 22 13:24:43 +0000 2022,-117.7469367,34.0975963,Casa Colina is a unique environment for healing‚Äîa place where there is a focus on using best practices in patient c‚Ä¶ https://t.co/tJaMlFAp6N
1517494613069684736,CallaWalsh,Fri Apr 22 13:24:44 +0000 2022,-71.112377,42.3781975,Earth Day x Lenin‚Äôs bday = ecological Leninism
1517494613409353729,BitchesHateAdy,Fri Apr 22 13:24:44 +0000 2022,-122.2286855,37.791994,I miss the old NBA young boy smh
1517494613648494593,talbird1,Fri Apr 22 13:24:44 +0000 2022,-73.8311875,40.6708795,New lows for Oakland
1517494614869041152,Aka_Stackz,Fri Apr 22 13:24:44 +0000 2022,-84.53981250000001,39.137038000000004,If I sold drugs I'd be moving in these prime trucks cops don't mess with you ü§£ü§£ü§£ü§£ü§£ü§îü§îü§îü§îü§îü§î
1517494616483790849,kc4avon,Fri Apr 22 13:24:44 +0000 2022,-117.0723185,33.120359,I just entered to win an awesome prize! https://t.co/ySImpqpLyz
1517494617117057024,ShaunFoulk2,Fri Apr 22 13:24:45 +0000 2022,-118.308566,33.891035,@Horror_Inc_ Dawn of the Dead (1978)Zombieland 28 Days Later Return to the Living Dead
1517494617452724225,ColfaxBB,Fri Apr 22 13:24:45 +0000 2022,-89.5694915,44.900818,Happy Birthday to 2 Colfax Basketball Alumni@gscharlau15 @burnsjo23 Enjoy your Day!!!! üòÅüéÇ#Colfaxpride
1517494617695920129,RoaneSymon,Fri Apr 22 13:24:45 +0000 2022,-118.9188865,34.188478,Call me. Leave all yah things yeahttps://t.co/xNc0oGiqeY
1517494617935020034,jhardin925,Fri Apr 22 13:24:45 +0000 2022,-121.469664,38.561722,Use your imposter syndrome as fuel to get to the next level
1517494618568503297,theREALLarbear,Fri Apr 22 13:24:45 +0000 2022,-81.2831215,28.784184,"@DavidPSamson When Hulu goes down I lose my comfort show, no bueno https://t.co/S6aXoGux6z"
1517494620632100864,TerryHalligan3,Fri Apr 22 13:24:45 +0000 2022,-75.2752845,39.9552785,"@nnaohmnonq Go baby, Go baby, Go.. to funny.. just gotta keep watching it üòÇü´£üòÇü´∂üíï"
1517494619914784768,Ahhh_Griff,Fri Apr 22 13:24:45 +0000 2022,-80.18183450000001,38.9201425,On site here at @UHSHawks as 5 student-athletes sign to play at the next level @u_athletics #wvprepsports story wil‚Ä¶ https://t.co/rs5gVZ5YGR
1517494621311483909,breccentricity_,Fri Apr 22 13:24:46 +0000 2022,-73.8494415,40.8503475,"Not for nothing, bro, but like, I've been a riot lately lolol #FinnaMakeMyFutureHusbandLaughAtThisRate üòÇüòÇüòÇ jkjk"
1517494621512900609,okerrigan65,Fri Apr 22 13:24:46 +0000 2022,-79.0213085,33.586552999999995,@DownHomeWoman Congratulations Pete üéä üëè
1517494621592502272,JChipShow,Fri Apr 22 13:24:46 +0000 2022,-89.5694915,44.900818,@mynameisdoofy That's gotta be the wedgie from hell
1517494621793837058,Scottslifeeh,Fri Apr 22 13:24:46 +0000 2022,-80.2739375,43.147571,@geostylegeo Humans always seek revenge.
1517494622091685890,Kayleigh2191,Fri Apr 22 13:24:46 +0000 2022,-79.645081,43.418190499999994,"@AndreaGiuliano2 My three-year timeline in a nutshellAll thanks to pages like yours, hypnosis, and hormone therapy üòá"
1517494622515310594,Too_MuchCamber,Fri Apr 22 13:24:46 +0000 2022,-100.0768885,31.1688935,Y‚Äôall‚Ä¶ DON‚ÄôT EVENSTARTWITH THE NONSENSE.
1517494624826413057,MichelleSichak,Fri Apr 22 13:24:46 +0000 2022,-93.3361025,45.257960999999995,"@Ric_Rufio Oh yes, I bet that helps üòÜ Gorgeous!"
1517494624943755267,ShawnFinchum,Fri Apr 22 13:24:46 +0000 2022,-83.9638415,35.9824705,@xLaTeNiTe05x @FoodGod05978239 @WarPigsNWA That was good but could have been better but I‚Äôll give it a solid 8/10
1517494625287782401,LYNNHERNANDEZ,Fri Apr 22 13:24:47 +0000 2022,-95.91364200000001,36.1093915,Oh K-DOG so good!!#okdog #tulsarocks https://t.co/lGT5z3kKNW via @YouTube
1517494625883152387,QuesoLuvsHenny,Fri Apr 22 13:24:47 +0000 2022,-71.0887125,42.3136695,@cvtianie How do I get some of your energy?
1517494627363926017,shawnmicallef,Fri Apr 22 13:24:47 +0000 2022,-79.2725695,43.629311,@princessedoe Can even tell the difference going from here to Windsor tho not as dramatic as this
1517494628303339520,ShellyIsabel2,Fri Apr 22 13:24:47 +0000 2022,-111.931711,34.1682535,I‚Äôm going to post a free trial link for a DAY ONLY to the next 50 subscribers today at Noon. #freetrial‚Ä¶ https://t.co/qHk3rVw5Zi
1517494629221892096,AzhotwifeXXX,Fri Apr 22 13:24:47 +0000 2022,-111.7375655,33.4057545,@RexRadiation @RebelRhyderXXX It was hot not as hot as me and youüòâ
1517494630945804291,voteblueforgood,Fri Apr 22 13:24:48 +0000 2022,-89.765519,30.2978625,@ALIVE40927048 @joshtpm Share with @RepCawthorn so he can see this.
1517494631382097921,Stuffycombs704,Fri Apr 22 13:24:48 +0000 2022,-80.8467855,35.209058999999996,Don‚Äôt come in my space with all that loud ass talking. Respectfully
1517494631478566912,DustyW88,Fri Apr 22 13:24:48 +0000 2022,-86.6807375,32.576227,@GameOverGreggy But I want another uncharted
1517494632149663745,Seanxsolo,Fri Apr 22 13:24:48 +0000 2022,-93.32012900000001,45.165743500000005,After last night waking up and seeing my guy @_ImClutch still positive makes me feel bad being so negative. Yeah la‚Ä¶ https://t.co/EvkryamuAg
1517494632745213953,JGunvordahl,Fri Apr 22 13:24:48 +0000 2022,-74.183279,39.8444635,am i truly fit for society if i never played team fortress OR overwatch? https://t.co/WyJ3LNqY56
1517494632044797955,jeffgrimm,Fri Apr 22 13:24:48 +0000 2022,-73.976086,40.752321,nice to be back in NYC at Grand Central Market https://t.co/hzYbVQrsI0
1517494632954970113,wisemindlife,Fri Apr 22 13:24:48 +0000 2022,-97.250355,37.707825,"Royal Hours...""Today is hung upon the Tree, He Who did hang the land in the midst of the waters. A Crown of thorns‚Ä¶ https://t.co/168BXyR2AE"
1517494634448142336,511NY,Fri Apr 22 13:24:49 +0000 2022,-73.916572,41.527324,Cleared: Incident on #I84 WB at Exit 44 - State Hwy 52 - Fishkill
1517494634561388547,511NYMidHudson,Fri Apr 22 13:24:49 +0000 2022,-73.916572,41.527324,Cleared: Incident on #I84 WB at Exit 44 - State Hwy 52 - Fishkill
1517494634636726272,doc_b_phD,Fri Apr 22 13:24:49 +0000 2022,-117.104989,32.810012,@drnatalieking Exactly Dr. King üòÇ This was me yesterday after our 2:30 session lol https://t.co/xnk2aCLwKh
1517494634045480960,AlliBaxterTV,Fri Apr 22 13:24:49 +0000 2022,-85.405442,44.268169,HAPPENING NOW: Business leaders and students from several school districts are gathering for the 45th Governor‚Äôs Br‚Ä¶ https://t.co/TNT0coU8Bt
1517494635832225794,PiggeeJason,Fri Apr 22 13:24:49 +0000 2022,-97.011168,32.655677999999995,@Moniebriated Cooking breakfast https://t.co/bBROA8ONfy
1517494636729798657,511NY,Fri Apr 22 13:24:49 +0000 2022,-73.861676,40.73234,Construction on #Q72Bus SB at 97 St/62 Dr https://t.co/aZDaqzWf9W
1517494637614669826,ialhusseini,Fri Apr 22 13:24:49 +0000 2022,-118.4119065,34.0207895,"Since the first Earth Day on April 22, 1970, the U.S. national average temperature has climbed by 2.6¬∞F, and all th‚Ä¶ https://t.co/UcRVwrizGE"
1517494637690294272,511NY,Fri Apr 22 13:24:49 +0000 2022,-74.039832,41.097862,Incident on #I87NYSThruway NB at Before Exit 14A (I-87) - Garden State Parkway Connection NJ https://t.co/DZfvJ3wIKB
1517494637933572096,511NYMidHudson,Fri Apr 22 13:24:50 +0000 2022,-74.039832,41.097862,Incident on #I87NYSThruway NB at Before Exit 14A (I-87) - Garden State Parkway Connection NJ https://t.co/CLK0vIGqUN
1517494638592024576,Bhan__,Fri Apr 22 13:24:50 +0000 2022,-87.732013,41.8335845,I will never fly @SpiritAirlines ever again. They fucking blew it with this trip back home.
1517494638566858754,CoachHood82,Fri Apr 22 13:24:50 +0000 2022,-79.9372,32.7872,"Happy Birthday Stinker! This guy brings a ton of energy to life and it‚Äôs fun watching him grown! @ Charleston, Sout‚Ä¶ https://t.co/i8DoG7avZw"
1517494638843736066,511NY,Fri Apr 22 13:24:50 +0000 2022,-74.269608,40.798463,Construction on #I280 WB at West of Exit 7 - Pleasant Valley Way/CR 636 https://t.co/XNmQ3qjbnC
1517494638868901890,JeskeDennis,Fri Apr 22 13:24:50 +0000 2022,-88.1705915,43.331796499999996,@BBs_Hobby_Shop Good morning!
1517494638915076096,511NY,Fri Apr 22 13:24:50 +0000 2022,-73.838699,40.984798,Updated: Incident on #SprainBrookStateParkway NB at Exit   - Jackson Avenue https://t.co/eGKLdJYC1z
1517494638936051713,badgaljasz,Fri Apr 22 13:24:50 +0000 2022,-73.9487755,40.655138,the body I soon buy because this isn‚Äôt fair
1517494638994771968,511NYMidHudson,Fri Apr 22 13:24:50 +0000 2022,-73.838699,40.984798,Updated: Incident on #SprainBrookStateParkway NB at Exit   - Jackson Avenue https://t.co/PgYdm4SqNm
1517494639862947840,PapiAndretti,Fri Apr 22 13:24:50 +0000 2022,-75.117998,40.0048655,I can go for a @trvisXX album drop ü´£
1517494640034795520,BriaFilms,Fri Apr 22 13:24:50 +0000 2022,-115.135165,36.0609645,@FLAMINGOOLEE Thank you!
1517494641729355777,Empressjurnee,Fri Apr 22 13:24:50 +0000 2022,-75.242,43.096,"Just posted a photo @ Utica, New York https://t.co/ty3jKs0nX2"
1517494641720913920,darwinchvz320,Fri Apr 22 13:24:50 +0000 2022,-118.1567105,33.809171500000005,Gotta sub Boban in next game to deliver a hard ass ‚Äúscreen‚Äù to O‚Äôneale. Loser mentality to try to start hurting guy‚Ä¶ https://t.co/p2NvDXzADa
1517494642215899136,tree6891,Fri Apr 22 13:24:51 +0000 2022,-77.58224200000001,37.654451,@erinakarinx probably not
1517494642610253824,BDammone,Fri Apr 22 13:24:51 +0000 2022,-98.5406515,29.417501,@trvisXX back with üî•üî•üî• w/ Hold That Heat ft.@1future  #southside #htown https://t.co/GW3OMLLecG
1517494643801436160,SKobus01,Fri Apr 22 13:24:51 +0000 2022,-79.2725695,43.629311,.@JustinTrudeau Oh dear... #CDNpoli https://t.co/66CmhVuipn
1517494644485070849,ElJaimito47,Fri Apr 22 13:24:51 +0000 2022,-100.0768885,31.1688935,This mornings fresh air feels so good.
1517494642471837696,Thedrjway,Fri Apr 22 13:24:51 +0000 2022,-75.77004099999999,42.746617,"Check out The green veggie and fruit blend, digestive blend, and fermented Botanical and mushroom blends‚Ä¶ https://t.co/v4opfBAJKV"
1517494646406004736,Thedrjway,Fri Apr 22 13:24:52 +0000 2022,-75.77004099999999,42.746617,@dookiebutter100 Leg day is the best day! Separates the wannabes from the beast üíØüíØüíØ
1517494647177859080,BWSLGirlsAAU,Fri Apr 22 13:24:52 +0000 2022,-76.3828419,37.0366803,15U Kirk Pointer Division - Essence Black 2025 - Grayson def. Fencor 51-34 #exposurebball
1517494647051931650,superboy8500,Fri Apr 22 13:24:52 +0000 2022,-96.7617535,32.819858499999995,@thesecretw0rld I‚Äôll still dance with you üòò https://t.co/7BdGcOGgLN
1517494647404306433,CorpoTuck,Fri Apr 22 13:24:52 +0000 2022,-70.9075225,42.515052,@gonzveloz @T_Crunk definition https://t.co/JPyvq1o15z
1517494648192704516,AnissaYbarra1,Fri Apr 22 13:24:52 +0000 2022,-104.53651400000001,33.3663375,New season of Selling Sunset comes out today! Can‚Äôt wait to get my ass home and pour me a glass of wine. ü§ó
1517494648205459456,EHolly7,Fri Apr 22 13:24:52 +0000 2022,-96.7617535,32.819858499999995,I‚Äôm soooooo proud of you big son
1517494648112959488,BarouchLab,Fri Apr 22 13:24:52 +0000 2022,-71.0887125,42.3136695,üì£ Our PI spoke to @RLCscienceboss for the @BostonGlobe a bit more about T cell responses and the letter sent to the‚Ä¶ https://t.co/7502jFfKp6
1517494650000580615,Ut_Credamus,Fri Apr 22 13:24:52 +0000 2022,-80.926628,33.6311395,The stupid is strong with this one. #AOC
1517494650432626688,nate_the_plate,Fri Apr 22 13:24:53 +0000 2022,-87.732013,41.8335845,@spfarrelltweets @CheefStewi3 Why do you care  what you married to that store? You in a relationship with a store?‚Ä¶ https://t.co/6FhLmqMBU3
1517494650633961473,xoxox_kendra,Fri Apr 22 13:24:53 +0000 2022,-75.117998,40.0048655,Communication is good but understanding is the key. ‚ú®
1517494650747072512,AjMosley9,Fri Apr 22 13:24:53 +0000 2022,-118.4119065,34.0207895,This weekend is gonna be good!! Maybe let‚Äôs see what‚Äôs up
1517494650692464641,URLife,Fri Apr 22 13:24:53 +0000 2022,-93.6116494,41.6542926,"If you're looking for work in Des Moines, IA, check out this job: https://t.co/WN8ezAriRA #URLife #Transportation"
1517494650843455490,karen12steps,Fri Apr 22 13:24:53 +0000 2022,-122.75596949999999,49.251452,"Almost 3 weeks since I quit smoking, all in all things are going good. But it's still the first thought I have in the morning. üòê"
1517494651179126785,Nomindnotrouble,Fri Apr 22 13:24:53 +0000 2022,-118.2445,34.0564,"Just posted a photo @ Los Angeles, California https://t.co/IhQx2mevgh"
1517494654618550274,colonialsmokes,Fri Apr 22 13:24:54 +0000 2022,-71.7617435,42.189619500000006,HAPPY CARWASH DAY GO LISTEN TO SAMS CAR https://t.co/kX8nHKTFKi
1517494654974849025,BoxingMBeauty,Fri Apr 22 13:24:54 +0000 2022,-119.827182,39.512436,"Safe travels to the athletes as they head out to @usaboxing National Qualifiers in Cleveland, OH üôèüèΩüá∫üá∏üì∏ ME with the‚Ä¶ https://t.co/itt2Q8exa8"
1517494656334012416,AliceMGentili,Fri Apr 22 13:24:54 +0000 2022,-71.683502,42.036939000000004,@gregkulowiec @CiscoBrewers 1. Blessed &amp; lucky  2. Love their Whale‚Äôs Tale
1517494657378394118,DaNiggaADK,Fri Apr 22 13:24:54 +0000 2022,-92.4367735,38.3045585,"#NowPlaying ""Before You Go"" by Blxst on @TIDAL https://t.co/jj8P2DFpTI"
1517494658183491585,Bayleaf828,Fri Apr 22 13:24:54 +0000 2022,-111.9650695,41.2177985,GOT7 COMEBACK?!!!!!??
1517494658460307456,tmj_NY_ACCT,Fri Apr 22 13:24:54 +0000 2022,-74.0059413,40.7127837,"Don't submit then quit. Apply for jobs like ""Associate Manager, Alternatives Fund Accounting"" at SS&amp;C Technologies,‚Ä¶ https://t.co/E0esUGffDR"
1517494658959437824,Mercy_Careers,Fri Apr 22 13:24:55 +0000 2022,-90.1994042,38.6270025,"If you're looking for work in #StLouis, MO, check out this job: https://t.co/HpwSzq9cIp #RecruitingDifferently"
1517494659223670784,RickyAl29804494,Fri Apr 22 13:24:55 +0000 2022,-110.9155735,32.1893905,Make sure you send some
1517494659567820801,iAm_Jeremiah,Fri Apr 22 13:24:55 +0000 2022,-83.1738665,32.6782075,Looking At Side Burn Tattoos ..
1517494659601342464,pissyopants1,Fri Apr 22 13:24:55 +0000 2022,-90.011008,29.982601,Golden state won this series and Durant was the MVP
1517494660746280961,wishingriver,Fri Apr 22 13:24:55 +0000 2022,-122.061771,47.67881250000001,"LMFAO ft. Lauren Bennett, GoonRock - Party Rock Anthem (Official Video) https://t.co/0eApCbA8xk via @YouTubeMusic https://t.co/AJWS2WyeEz"
1517494662616944641,nejsnave,Fri Apr 22 13:24:55 +0000 2022,-79.2725695,43.629311,"hey everyone it's the first forced #toronto encampment clearing of the season! barely even warm. where is this, dou‚Ä¶ https://t.co/FKMUvdxjwP"
1517494662700756992,sallycthomas1,Fri Apr 22 13:24:55 +0000 2022,-75.8001415,45.248791,Agreed! We send #veterans to conflicts everywhere &amp; then abandon them when they come home #disabled! #ODSP‚Ä¶ https://t.co/4xcuNnICcK
1517494662910464000,devildog217,Fri Apr 22 13:24:55 +0000 2022,-118.3046625,33.945234,"So now you have to wear a mask through the airport, but you can take it off once you get on the plane. ü§°ü•¥"
1517494664332337152,hilahil,Fri Apr 22 13:24:56 +0000 2022,-117.104989,32.810012,@MatthewBedlion @91X @offspring @TheGnudz seriously. i was pinching myself the whole time!
1517494663741153280,JLsPerspective,Fri Apr 22 13:24:56 +0000 2022,-84.512759,33.471705,Happy Friday cool kids! #fridaymorning https://t.co/V4xAXVTy1e
1517494667440500742,JordaniusTweets,Fri Apr 22 13:24:57 +0000 2022,-87.966117,41.5109525,My W key broke cause I be pushin
1517494668363288576,amy_lightbody,Fri Apr 22 13:24:57 +0000 2022,-117.18651,47.66912,Just posted a photo @ Amy Lightbody Windermere Real Estate/Spokane Home Shoppers https://t.co/3BAxy7g8KK
1517494668941873152,kc4avon,Fri Apr 22 13:24:57 +0000 2022,-117.0723185,33.120359,I just entered to win an awesome prize! https://t.co/ySImpqpLyz
1517494669239898112,primetimesc2,Fri Apr 22 13:24:57 +0000 2022,-93.478628,45.0256585,‚ÄúReprints‚Äù are a scourge on the hobby and anyone selling them is scamming people‚Ä¶
1517494671626416128,BethMac81,Fri Apr 22 13:24:58 +0000 2022,-83.804475,27.698681999999998,Good stuff right here
1517494671525695489,RobyMyersNewsie,Fri Apr 22 13:24:58 +0000 2022,-105.22859349999999,35.605380499999995,TWO CAR CRASH;I-8 W at 67Be on the lookout for a two-car crash which might impact travel as you make your way pas‚Ä¶ https://t.co/A1dNkBjKNc
1517494673832497152,ButchMeyer7,Fri Apr 22 13:24:58 +0000 2022,-93.389864,41.938228499999994,When and where will sweet little Breasia's mother's trial be?! She's an accomplice and needs to be charged as such‚Ä¶ https://t.co/75mfCVj0at
1517494674461626373,ManicMuDD1314,Fri Apr 22 13:24:58 +0000 2022,-85.547016,42.3045585,The real ones know
1517494676303060992,seaira715,Fri Apr 22 13:24:59 +0000 2022,-95.44648649999999,29.838495,Dont wake me up if im sleep imma have a bad morningüòí
1517494676848324610,SethJayson,Fri Apr 22 13:24:59 +0000 2022,-77.209915,38.8385265,"@SScalpings I am waiting for Elon to start spouting the Republican all ""teachers are pedophiles lines"" pretty soon."
1517494677863157760,The_Weber,Fri Apr 22 13:24:59 +0000 2022,-122.64138750000001,45.3693065,@PRINCE_ANGELUS_ Anytime ‚úäüèΩ‚úäüèΩ‚úäüèΩ
1517494677670404096,Rainbird42true,Fri Apr 22 13:24:59 +0000 2022,-77.26434,39.170111500000004,McCarthy is on tape. He is a liar. He circled the wagons around a leader who he KNEW debased democracy. Do what you‚Ä¶ https://t.co/18u6EtnUIW
1517494675892015104,RafaelOnTV,Fri Apr 22 13:24:59 +0000 2022,-86.441236,39.766555499999996,"Killian Dague loves Star Wars. Unfortunately, he has yet to tap into ‚Äúthe force‚Äù which would have been helpful when‚Ä¶ https://t.co/P953EyInKM"
1517494677292957697,goldisacks,Fri Apr 22 13:24:59 +0000 2022,-73.9487755,40.655138,have they earned breakfast https://t.co/AnLpJhD7kW
1517494678119141377,coachskene3,Fri Apr 22 13:24:59 +0000 2022,-96.7617535,32.819858499999995,HAPPY FRIDAY‚ùï‚ùï‚ùï#FlyFightWin‚ö°Ô∏è‚ö°Ô∏è‚ö°Ô∏è
1517494678039547905,of_awakened,Fri Apr 22 13:24:59 +0000 2022,-89.92202900000001,35.1335205,@KimoLBJ_ @JaMorant You are disrespectful if your deaf retarded self listen she‚Äôs saying stay on that side I don‚Äôt‚Ä¶ https://t.co/xxaxWV6CLQ
1517494678882500612,DomNature_,Fri Apr 22 13:24:59 +0000 2022,-75.5178975,39.159193,‚ÄúFlavors robust platinum &amp; gold touch.‚Äù
1517494679071334401,MikeRileyParks,Fri Apr 22 13:24:59 +0000 2022,-77.0784075,39.0195985,RIP Hondoüò¢ Thank you for your service.
1517494679302029312,team_hotness,Fri Apr 22 13:24:59 +0000 2022,-77.60468399999999,41.1179365,And they goin grab tanesha too cause she not zalisa
1517494679528476672,ignatius_jude,Fri Apr 22 13:24:59 +0000 2022,-77.0143985,38.898602999999994,How do we IMMEDIATELY get these installed in SW?! @SWBID @DDOTDC
1517494680690348035,mattstratton,Fri Apr 22 13:25:00 +0000 2022,-88.0807535,41.794444999999996,@RealLisaC üíú my reply read WAY more argumentative than I meant!!
1517494680388313089,PhillySJUnited,Fri Apr 22 13:25:00 +0000 2022,-75.117998,40.0048655,Welcome welcome the incredible @RakiaReynolds! Thank you for kicking off the day with such brilliant energy.‚Ä¶ https://t.co/YMRjEHIgkn
1517494683248861185,i_am_chris_king,Fri Apr 22 13:25:00 +0000 2022,-87.732013,41.8335845,"@xo_GlenCoco Thanks, I‚Äôm essentially the entire cast of Scooby Doo."
1517494683487850500,HerbLuciano1,Fri Apr 22 13:25:00 +0000 2022,-86.793917,33.5422375,Hell nah lol
1517494684465172483,Twisted_Pickls,Fri Apr 22 13:25:01 +0000 2022,-82.8349015,27.937634,@Kylarbyte Hope all gets better soon man much love
1517494686310539268,pdxpolicelog,Fri Apr 22 13:25:01 +0000 2022,-122.614087,45.488275,"SUSPICIOUS SUBJ, VEH, OR CIRCUMSTANCE at 4700 SE 47TH AVE, PORT [Portland Police #PP22000106289] 06:10 #pdx911"
1517494687787110400,TPWKcourtney,Fri Apr 22 13:25:01 +0000 2022,-115.17390921,36.11332023,Only BTS could change the Bellagio fountains to their songsüß°üíú @ Bellagio Fountains https://t.co/SfHNEycJCY
1517494689095557121,GTEFinancial,Fri Apr 22 13:25:02 +0000 2022,-112.0740373,33.4483771,Looking for a professional home where you can go the distance? GTE Financial honors the tenure of our employees and‚Ä¶ https://t.co/a9HiXuZaP9
1517494689364160517,Tripleb3amdream,Fri Apr 22 13:25:02 +0000 2022,-81.705467,41.495939500000006,I‚Äôve never understood black people that don‚Äôt feel safe in certain BLACK neighborhoods. Like how do u really feel safer amongst white folks?
1517494690051940352,ShuggaRoots,Fri Apr 22 13:25:02 +0000 2022,-82.405338,32.219141,@RayRice1FAN @Prettygirl_KMS Annnnn I thought it was just me
1517494690257551364,CamdenFire1,Fri Apr 22 13:25:02 +0000 2022,-69.075871,44.21329,Today's fire danger rating is HIGH. No open burn permits will be issued. https://t.co/LgxCRUVZhI
1517494692052717568,thomasmarlon616,Fri Apr 22 13:25:02 +0000 2022,-83.804475,27.698681999999998,This explains why people were scattered from Africa!Baruch 4:6 https://t.co/jqkDYbKtQi
1517494692275003392,AntonioLavelle,Fri Apr 22 13:25:02 +0000 2022,-77.4771055,39.0311595,Congratulations!!!
1517494693801734147,bvsedgawdlover2,Fri Apr 22 13:25:03 +0000 2022,-95.44648649999999,29.838495,Tired and distraught
1517494694737072129,amblush617,Fri Apr 22 13:25:03 +0000 2022,-84.53981250000001,39.137038000000004,@jilevin ~~ üôÑ I hope Bernie doesn't! He needs to sit  out. He never has or never will be the solution to America's‚Ä¶ https://t.co/L2HJp6TZSl
1517494697022926848,JGunvordahl,Fri Apr 22 13:25:04 +0000 2022,-74.183279,39.8444635,or any games like those?
1517494697186533377,animalhunter666,Fri Apr 22 13:25:04 +0000 2022,-82.5330735,27.3411215,"We carry bags U see with all the stored voices that cannot speak too B, we will travel far and near ,speak of the I‚Ä¶ https://t.co/TRAquS2wgM"
1517494698209951744,MorganRockt,Fri Apr 22 13:25:04 +0000 2022,-100.0768885,31.1688935,@RealGlRLS https://t.co/EG7PqjFXWx u after i.fuck every hole
1517494700780965890,DoUKnwDaniMarq,Fri Apr 22 13:25:05 +0000 2022,-96.7617535,32.819858499999995,@justinbak where you headed?! Dallas maybe????
1517494700445519872,Converse_wbb,Fri Apr 22 13:25:04 +0000 2022,-81.94029800000001,34.9499645,Our team has been putting that work in this springüí™ Thank you @Coach_kd for making us better! #ConverseWBB https://t.co/g0EatdW0zQ
1517494701070368769,erinbr0ckowitch,Fri Apr 22 13:25:05 +0000 2022,-79.2725695,43.629311,Slept in my makeup and omfg my skin!!! https://t.co/sRr5IwbbBF
1517494702509068289,tree6891,Fri Apr 22 13:25:05 +0000 2022,-77.58224200000001,37.654451,@ryenallyana yes with ease
1517494702785929222,nw3,Fri Apr 22 13:25:05 +0000 2022,-82.985772,39.9946835,@smilerz91 @conorsen Well then my perspective is politicians need to something now as a preventative to keep it fro‚Ä¶ https://t.co/eNUvyBe5Gy
1517494703557648384,marty331,Fri Apr 22 13:25:05 +0000 2022,-95.7787115,29.721989,@ikeysee Oh the Tramp
1517494704509788161,Harrisonds97,Fri Apr 22 13:25:05 +0000 2022,-73.9685415,40.780709,Only 27 Akutars listed below 5 ETH. Snapshot in 275 Minutes
1517494704396546048,whoisyasminesky,Fri Apr 22 13:25:05 +0000 2022,-85.8720485,30.215828000000002,Wtf lol ü§¶üèΩ‚Äç‚ôÄÔ∏è
1517494705403142148,KyTHOROUGHBRED_,Fri Apr 22 13:25:06 +0000 2022,-85.7682405,37.822244,Aye if I start acting different in a couple months just know imma never be broke again
1517494705591930880,MvDaTRUTH,Fri Apr 22 13:25:06 +0000 2022,-101.4423685,32.24493,"When it‚Äôs time to elevate ya life. Some things get a lil shaky around you. Don‚Äôt trip, don‚Äôt panic, stay solid and‚Ä¶ https://t.co/r9DffcCsEJ"
1517494707600961536,girnation4,Fri Apr 22 13:25:06 +0000 2022,-90.375446,38.699745,@PsychoCheese100 I can see that I‚Äôd say it‚Äôs my third favorite arc
1517494708473376768,russman30,Fri Apr 22 13:25:06 +0000 2022,-75.117998,40.0048655,@nufced ADVERTISEMENTIt was a heavy heart that we share the news that the NHL has lost another legend. Accordin‚Ä¶ https://t.co/k6ToOycgU2
1517494708574068740,EdCharbeneau,Fri Apr 22 13:25:06 +0000 2022,-85.217466,38.1997865,"@csanyi_andras @nkanauzu Thanks but I need the opposite. Windows to Mac. Since Mac doesn't use RDP, I have to use‚Ä¶ https://t.co/mVSNRXbiAS"
1517494709064720385,titogotcoins,Fri Apr 22 13:25:06 +0000 2022,-75.22698600000001,43.119679500000004,I know some niggas who rapping on the real
1517494710167867392,DiamondTrioEnt,Fri Apr 22 13:25:07 +0000 2022,-84.35244449999999,33.943456999999995,I just rocked the vote for @lyricskyxx for 2022 @XBIZ Cam Awards presented by @chaturbate May 18 in Miami‚Ä¶ https://t.co/sj3bdCY5zk
1517494711119982592,DreadedBBC,Fri Apr 22 13:25:07 +0000 2022,-95.44648649999999,29.838495,I‚Äôm Tryna Get FREAKY This FRIDAY ü§™ü§™üòàüí¶
1517494712382509056,Torontovice,Fri Apr 22 13:25:07 +0000 2022,-79.2725695,43.629311,@WalmartCAGaming Noice
1517494712395079686,Brian_LaFevre_,Fri Apr 22 13:25:07 +0000 2022,-93.36124699999999,37.123188999999996,@RealBirdLawyer *cumming
1517494712411824129,Queennp18,Fri Apr 22 13:25:07 +0000 2022,-79.99535850000001,35.995054499999995,Keep pushing! üí™üèæ
1517494712504131584,AriBetof,Fri Apr 22 13:25:07 +0000 2022,-73.955741,40.755328,This view never gets old. Looking forward to spending the day with @FamBizSuccess at theSam Seltzer '48 Mentors Fo‚Ä¶ https://t.co/MBOXTZzZol
1517494714106322944,_JasonYork,Fri Apr 22 13:25:08 +0000 2022,-72.731526,41.685889,@PaulCarr @MarkASimonSays That‚Äôs graphic gold.
1517494714303488000,TheReal_ID_Dave,Fri Apr 22 13:25:08 +0000 2022,-72.757385,41.500753,@PSYCH_HYPE I knew there were two of them!  Steven (with a V) and Marc!  #MoonKnight  ;)
1517494715029114881,ScrivenApril,Fri Apr 22 13:25:08 +0000 2022,-96.6767,40.8115,"Just posted a photo @ Lincoln, Nebraska https://t.co/XaAy6tGoox"
1517494715305938944,wazilian,Fri Apr 22 13:25:08 +0000 2022,-77.8581095,40.7835375,"@dlweaver1136 Is this an actual thing? If so, do we own it? If not, why not?"
1517494715486138370,xmedic_ed,Fri Apr 22 13:25:08 +0000 2022,-114.017707,35.2237525,@ABC Nah. Next they Biden is exporting viagra to Mexico.
1517494715666649088,southernfriedp,Fri Apr 22 13:25:08 +0000 2022,-87.293911,30.384296,üëÄ sign me up lmao
1517494715758923777,Tzor,Fri Apr 22 13:25:08 +0000 2022,-72.9302075,40.831914,@RebeccaforWA Minimum wage: invented by unions to keep minorities out of blue collar jobs by not allowing them to p‚Ä¶ https://t.co/OVkVQyxrEZ
1517494715729518592,ambitious_14,Fri Apr 22 13:25:08 +0000 2022,-89.985003,38.549805,This weeks episode of #SnowfallFX https://t.co/M7ZgkSfFak
1517494716023156737,jazkey2004,Fri Apr 22 13:25:08 +0000 2022,-106.654188,31.859378,"Trumpland Superlawyer John Eastman Calls Supreme Court Cowards, Gets Remedial Lesson In Document Prep, Will Never S‚Ä¶ https://t.co/F0EDtcIC9i"
1517494716178341888,SECSOONER34,Fri Apr 22 13:25:08 +0000 2022,-95.91364200000001,36.1093915,"@nathan_mccullum Good luck with all that, here in Tulsa the wait is usually hours upon hours."
1517494716178178048,_allhailtheONE,Fri Apr 22 13:25:08 +0000 2022,-98.739349,37.647912500000004,So is @broadwaycom following suit üëÄ
1517494716534820864,Mason_Jappa,Fri Apr 22 13:25:08 +0000 2022,-73.9685415,40.780709,"@Dennis_Porter_ No my point was put out un-biased content, including Compass in this list was Bias and inaccurate, they aren‚Äôt even a miner."
1517494719202291712,CarolineonTV,Fri Apr 22 13:25:09 +0000 2022,-119.7824645,36.786041999999995,Selfie Friday ü§∑üèª‚Äç‚ôÄÔ∏è Have a great day and make sure to tune in NOW on @KSEE24 üì∫ https://t.co/p6Ea6xY2Q5
1517494720091463681,Empressjurnee,Fri Apr 22 13:25:09 +0000 2022,-75.242,43.096,"Just posted a photo @ Utica, New York https://t.co/tite3vXCtS"
1517494718103441408,bradnikkiboze,Fri Apr 22 13:25:09 +0000 2022,-76.62048200000001,39.284712999999996,What an amazing packing event here in Baltimore last night! Thank you to the volunteers from Freedom Elementary for‚Ä¶ https://t.co/qKxoQvHHjs
1517494720527847426,BrittWhoDat,Fri Apr 22 13:25:09 +0000 2022,-85.9785995,35.8305215,"Well, at least it‚Äôs Friday. üòí"
1517494720695615489,furheezy,Fri Apr 22 13:25:09 +0000 2022,-77.101999,38.8808445,@XXL It was all a dream -  big
1517494722641612801,DodgersCabal,Fri Apr 22 13:25:10 +0000 2022,-117.104989,32.810012,"@sub2lucash @RapSheet Clearly you have no clue how the HOF works.  HOF has tarnished itself anyways, so who fucking cares loser."
1517494724986236928,_tagaxtray,Fri Apr 22 13:25:10 +0000 2022,-95.44648649999999,29.838495,@romainvillaroza Bat sad
1517494726693466113,CPettaway3,Fri Apr 22 13:25:11 +0000 2022,-87.0374325,32.4147945,What?!?! Is this real??
1517494726928261120,kiaavegas,Fri Apr 22 13:25:11 +0000 2022,-95.44648649999999,29.838495,Lmfao
1517494728597508097,yazmatzz,Fri Apr 22 13:25:11 +0000 2022,-106.4174305,31.793368,i call this club titanic because it‚Äôs going down
1517494729361043459,krazii_geniius,Fri Apr 22 13:25:11 +0000 2022,-81.3677725,28.501678499999997,@Poetic_Feel Lol at least it‚Äôs finally FridayüôÉ
1517494730149355522,jordancavazos4,Fri Apr 22 13:25:12 +0000 2022,-120.882482,47.273022,@Speros_OG @Rallied Where‚Äôs my grapples
1517494730271064064,EmpathCareers,Fri Apr 22 13:25:12 +0000 2022,-82.8001026,27.9658533,"Interested in making a positive impact in Clearwater, FL? Join us to make a difference. https://t.co/y1HP9VrTNr #diversity #medfield"
1517494730598326273,mikey_b1977,Fri Apr 22 13:25:12 +0000 2022,-81.2487865,42.9488405,@Abbi_Lez @steveof101 @GoTrainAvenger @StephAntone @j0_mAmA @tlcam15 @CoachMendonca @winmillady @WsoccerCa‚Ä¶ https://t.co/tR66tq4KHJ
1517494730430558209,El_Jefe_45,Fri Apr 22 13:25:12 +0000 2022,-96.605809,33.640095,Man seems more like 20 years üòÖ https://t.co/jbRuEB3Wsb
1517494731550257152,Mindyc_13,Fri Apr 22 13:25:12 +0000 2022,-117.772917,34.0654505,@Ballewitup Which one was your favorite?
1517494732007649288,nweldon,Fri Apr 22 13:25:12 +0000 2022,-90.011008,29.982601,"‚ÄúThere‚Äôs this giant, fire-breathing dragon sitting in everyone‚Äôs backyard and no one talks about it.‚ÄùOn‚Ä¶ https://t.co/iOv1cxzI5u"
1517494732599046145,Cavemanrobot,Fri Apr 22 13:25:12 +0000 2022,-73.95,40.65,"#dreambigorgohome @ Brooklyn, New York https://t.co/WogBQUyhn2"
1517494734138265600,shockey_kayla,Fri Apr 22 13:25:12 +0000 2022,-95.44648649999999,29.838495,@wizkhalifa addicted to champagne
1517494734570278919,itscoltongroves,Fri Apr 22 13:25:13 +0000 2022,-85.7682405,37.822244,Find your own path
1517494733190447105,ayanatheoracle,Fri Apr 22 13:25:12 +0000 2022,-73.965398,40.782453000000004,cute times ahead üß∫ü•™‚òÄÔ∏èwith @omarcherie7 GM ‚òÄÔ∏èüíï https://t.co/PGfe5pkZzM
1517494734679330817,brandoncooper_0,Fri Apr 22 13:25:13 +0000 2022,-85.7223455,38.195555,Professors for gen Ed courses are a different type of arrogant üôÑ https://t.co/zwY0XU06qt
1517494736768012288,SweetTayPie0104,Fri Apr 22 13:25:13 +0000 2022,-118.4119065,34.0207895,Trying not to comment on those kids on that slide.
1517494738244542464,geno_bisconte,Fri Apr 22 13:25:13 +0000 2022,-73.9685415,40.780709,"@nicfingaz I didn't mean to confuse your pal, all of @CompoundAmerica shows are back May 2nd"
1517494739653861377,alnedds,Fri Apr 22 13:25:14 +0000 2022,-83.804475,27.698681999999998,so proud of all the hard work @betterbeaver has put into this!!!
1517494741511946240,houstonbinsanit,Fri Apr 22 13:25:14 +0000 2022,-95.44648649999999,29.838495,Protect your family is our priority üí¶üóëÔ∏è We Disinfect your #trashbin without any chemical #EarthDay2022‚Ä¶ https://t.co/VjrmOEd50K
1517494743877435393,harlemson2,Fri Apr 22 13:25:15 +0000 2022,-73.9487755,40.655138,"@MVJohnson @RichardScheinin No doubt, and if only the ""dressing room"" down the sidewalk metal basement door, below ground, could talk!"
1517494744108077056,Dee95967789,Fri Apr 22 13:25:15 +0000 2022,-158.15134899999998,21.386840499999998,Where is my underwear
1517494744334708736,GetEmRock,Fri Apr 22 13:25:15 +0000 2022,-78.8922455,43.808878,@CP24 This is jokes lol during the current economic climate with pandemics and wars looming and massive labour shor‚Ä¶ https://t.co/gddkS3dYtn
1517494745123205125,MerhRosales,Fri Apr 22 13:25:15 +0000 2022,-80.2333285,25.7823535,@shakimileyrock It‚Äôs like asking Madonna to do Olivia Rodrigo numbers‚Ä¶ it‚Äôs not gonna happen
1517494745874014208,nedvinson,Fri Apr 22 13:25:15 +0000 2022,-77.5888935,37.599557,@the_chart_life @ianrosen What‚Äôs the ratio you think?
1517494746498797568,ImLittleNick,Fri Apr 22 13:25:15 +0000 2022,-117.851089,33.842863,I hate sleepin alone
1517494746981228544,McCoyMelissa1,Fri Apr 22 13:25:16 +0000 2022,-85.9785995,35.8305215,"I could not have said it better. This full circle ‚≠ïÔ∏è moment in your life, shared with family, friends &amp; fans, who üíô‚Ä¶ https://t.co/t0uN0d6TwZ"
1517494748801646596,sylviafarina,Fri Apr 22 13:25:16 +0000 2022,-81.97270499999999,28.049601000000003,@LesaRenee333 She is soooo beautiful
1517494747996340231,Reported_NYC,Fri Apr 22 13:25:16 +0000 2022,-73.9638842,40.6539383,LEXUS RX driver GSC8872 parked illegally near 142 Parkside Ave on April 22. This is in Brooklyn Community Board 14‚Ä¶ https://t.co/UmCBC1u8oQ
1517494749380370432,CITGOiaOLLE,Fri Apr 22 13:25:16 +0000 2022,-95.44648649999999,29.838495,"Yes, I agree! Kiddos to all who played a part."
1517494749736882179,robert3t,Fri Apr 22 13:25:16 +0000 2022,-87.5746905,38.0034665,It is somewhat ironic how many ironic things are not all-the-way ironic. #overused #FridayFeeling
1517494749862801411,DahHurley,Fri Apr 22 13:25:16 +0000 2022,-82.67290299999999,27.7957195,@AnthonySabatini @Disney Traitorous overeach by Florida legislature.
1517494750525284352,meekorouse,Fri Apr 22 13:25:16 +0000 2022,-122.27952149999999,37.8758455,"@BBCWorld @BBCSteveR I dunno those folks sound like my Trumpster relatives‚Äî They don‚Äôt watch the news either or when they do, it‚Äôs Fox‚Ä¶"
1517494751116865537,DamnThatsKey,Fri Apr 22 13:25:17 +0000 2022,-84.433106,33.7671945,OMG‚Ä¶. I know y‚Äôall didn‚Äôt üòÇüòÇüòÇüòÇüòÇüòÇüòÇüòÇüòÇüòÇ
1517494751481810944,JamesLe42560638,Fri Apr 22 13:25:17 +0000 2022,-83.099288,42.3527865,"SSGMIDNITE found #bitcoin in a Blue vault at this location! Join me playing #coinhuntworld, It's awesome!‚Ä¶ https://t.co/iVNBTO1UPl"
1517494752048033795,CtyGrlPhoto,Fri Apr 22 13:25:17 +0000 2022,-81.705467,41.495939500000006,"Btw this was taken a few days ago, but I am still live from Ohio City every day lol"
1517494752534355970,Abbey9Alexander,Fri Apr 22 13:25:17 +0000 2022,-104.985782,39.726983,She left her bicycle
1517494753780240385,ComedianAGWhite,Fri Apr 22 13:25:17 +0000 2022,-81.70694193,41.49843586,"CLEVELAND, OH - TONIGHT THRU SUNDAY 4/22/ - 4/24 @cleveimprov for 5 shows with the QUEEN OF COMEDY THE HER(larious)‚Ä¶ https://t.co/hyV4UwOjo8"
1517494753444704259,xxkaykayxxo,Fri Apr 22 13:25:17 +0000 2022,-87.904186,42.345715,when the world is goin sideways i‚Äôll be sideways here w youuuuu üñ§‚ú® https://t.co/HSyrMPGVXT
1517494754258620416,IamIkaika,Fri Apr 22 13:25:17 +0000 2022,-87.985476,42.095656,Being too loyal can have you stuck in fucked up situations. be safe out here
1517494757513179136,TimPeeler_,Fri Apr 22 13:25:18 +0000 2022,-83.804475,27.698681999999998,@TristanSnell Only place he's headed is the White House buddy.
1517494756854558720,RussMikow,Fri Apr 22 13:25:18 +0000 2022,-122.7654085,47.039416,I consider #EarthDay üåç a personal holiday and a prime example of what can be accomplished when grassroots activists‚Ä¶ https://t.co/pbuGusrefH
1517494757785841665,whilgeetooturnt,Fri Apr 22 13:25:18 +0000 2022,-83.1738665,32.6782075,@Walmart @Reap_17 Bring Apple Pay y‚Äôall gon have more customers
1517494757756448768,MetLauren,Fri Apr 22 13:25:18 +0000 2022,-71.0887125,42.3136695,@RobedJoe @xoaiyashiro @ETiredTweets Hit too close to homeüò≠ I had so much trouble sleeping last night
1517494758100422659,_PierreJoseph,Fri Apr 22 13:25:18 +0000 2022,-80.110015,33.012331,@GotEmTuned_In Lmao she gonna have a couple chern cause I need everybody added üò≠üòÇüò≠
1517494758221963264,jponder94,Fri Apr 22 13:25:18 +0000 2022,-90.3292095,38.4517165,Proud of my HNA boys - we've extended our season yet again and play for the championship next Tuesday night. We dis‚Ä¶ https://t.co/4NB8AFx409
1517494758452645888,JadeSmi72331199,Fri Apr 22 13:25:18 +0000 2022,-85.51020700000001,36.1395275,Be Best https://t.co/vkaAZJrkXD via @YouTube
1517494759148986368,dietrick,Fri Apr 22 13:25:18 +0000 2022,-87.293911,30.384296,@SlimJim Meat
1517494759316721668,RayJOrtega,Fri Apr 22 13:25:18 +0000 2022,-87.776914,42.1036235,"Look, I get the NIL thing is going to dominate the conversation for a while. But doesn‚Äôt it still come down to wins‚Ä¶ https://t.co/eIgufrYxEw"
1517494759509610496,jshredder00,Fri Apr 22 13:25:19 +0000 2022,-96.7311425,43.5410145,@RepAndyBiggsAZ I think his tight collar is cutting off oxygen to his tyrant head.
1517494760780537857,of_awakened,Fri Apr 22 13:25:19 +0000 2022,-89.92202900000001,35.1335205,@PhillyDrew7172 @OfficialATL3 @JaMorant Right she‚Äôs a moron and an alien bro
1517494761481019392,SaiyanQuad92,Fri Apr 22 13:25:19 +0000 2022,-75.117998,40.0048655,I'm dropping Wolverine(Percy run).
1517494761912864768,jimmyredd,Fri Apr 22 13:25:19 +0000 2022,-88.42375,33.49694,Catch me tonight at @munsonandbrothers from 8-10. Perfect weather for piano bar on the patio outside in downtown Co‚Ä¶ https://t.co/IAbZ1s0USw
1517494762831548417,charleslfreemn,Fri Apr 22 13:25:19 +0000 2022,-118.3691,34.018,Going to start this weekend. @ Baldwin Hills https://t.co/csCCAKLaEU
1517494764400254979,In_MyCup,Fri Apr 22 13:25:20 +0000 2022,-75.117998,40.0048655,@King_Poppa_Dom If you‚Äôre referring to my sex life‚Ä¶ https://t.co/pC0DVpqoUW
1517494764739993602,MattBarbourTV,Fri Apr 22 13:25:20 +0000 2022,-83.72561,42.9944585,"It may be #Friday, but I‚Äôll need a little nap if I‚Äôm gonna hangü§òüèº https://t.co/K7CWrOy02j"
1517494765180243968,ChildLassen,Fri Apr 22 13:25:20 +0000 2022,-120.6443945,40.416095,Nevada County Jobs https://t.co/rINrbvqzui
1517494767533318144,succulentdiva,Fri Apr 22 13:25:20 +0000 2022,-76.9132885,42.163699,"Anxiety is what bwings us togevaaaa today...but seriously, keep a good thought for me through this shelter relocati‚Ä¶ https://t.co/LuiUdcdEz1"
1517494768196100099,Mrs_Stoli,Fri Apr 22 13:25:21 +0000 2022,-87.870973,42.972924500000005,"Never once have I been at work and thought ‚ÄúOh look, it‚Äôs 10:20, time to go flick the bean!‚Äù"
1517494768057692169,rick_martial,Fri Apr 22 13:25:21 +0000 2022,-73.8311875,40.6708795,@Woofkoof @JGnuman197 Really have to wonder about the mentality of a person who would witness something like this &amp;‚Ä¶ https://t.co/n7bOMdVILQ
1517494769034825728,WinnCompanies,Fri Apr 22 13:25:21 +0000 2022,-71.0465638,42.53869,"This job might be a great fit for you: Maintenance Technician II - https://t.co/K0LXRcFI2S #SkilledTrade #Lynnfield, MA"
1517494769513025536,TheJawnOfTime,Fri Apr 22 13:25:21 +0000 2022,-75.117998,40.0048655,Why are all the tweets on the bird app the size of instagram now? I need to consume Content quicker than this
1517494770574274561,WoodyLee__,Fri Apr 22 13:25:21 +0000 2022,-83.804475,27.698681999999998,@jfreshakarico2 Yesss i was fucking in dream and woke up to nut in my pants üò≠üò≠
1517494771299794945,LeBANCDev,Fri Apr 22 13:25:21 +0000 2022,-79.2996725,43.880694500000004,"Happy Earth Day! For Earth Day 2022, together, for everyone, everything, every day üåé #InvestInOurPlanet‚Ä¶ https://t.co/W00sD7F2Ne"
1517494772243464192,willmacdougalll,Fri Apr 22 13:25:22 +0000 2022,-123.123581,49.257639,"who tf is @ZenBenmore and wtf is Gen Zen ? dropping today, it‚Äôs prolly nothing‚Ä¶üëÄ #NFTCommunity @MagicEden"
1517494773099212800,WCDStweets,Fri Apr 22 13:25:22 +0000 2022,-80.00696361,40.45261314,Just posted a photo @ Children's Museum of Pittsburgh https://t.co/9DcRgLvwOC
1517494773363331072,tmj_FLS_schn,Fri Apr 22 13:25:22 +0000 2022,-82.7940297,27.9180298,"Interested in a job in #Largo, FL? This could be a great fit. Click the link in our bio to apply: OR Supply Chain T‚Ä¶ https://t.co/QCwQgHIcXd"
1517494775062036480,AndyMacMiller,Fri Apr 22 13:25:22 +0000 2022,-111.4991495,40.653281,@MoDakhil_NBA @ShelbyHintze Sorry but Intermountain Digital only rides with dudes who show sound footwork on defense
1517494775259320321,dallasmom53,Fri Apr 22 13:25:22 +0000 2022,-74.15394699999999,40.572376000000006,@DavidPatt0207 You too!
1517494775632388096,wawashortie,Fri Apr 22 13:25:22 +0000 2022,-117.64381900000001,33.5513865,"@DavidAmoyal @DKThomp Same, and I'm just a random fan."
1517494776899252230,__VSmithII,Fri Apr 22 13:25:23 +0000 2022,-95.44648649999999,29.838495,Karl Anthony Towns was caught in 4K telling Anthony Edwards to stop driving the ball to the rim and take more jumpers lmao. That guy man.
1517494777582870530,Yourstrulyy_Cee,Fri Apr 22 13:25:23 +0000 2022,-83.804475,27.698681999999998,@KIAFINEASS Girl what?????
1517494778341912576,SRHSCareers,Fri Apr 22 13:25:23 +0000 2022,-81.8442934,34.9190189,"Interested in a job in #Spartanburg, SC? This could be a great fit: https://t.co/GWGZTmT6TR #SRHSCareers"
1517494781429129216,dicey631,Fri Apr 22 13:25:24 +0000 2022,-74.15394699999999,40.572376000000006,@TheLeoTerrell Kevin McCarthy is a rhino Pos and should never be speaker of the house
1517494782968442884,PainPtFightBack,Fri Apr 22 13:25:24 +0000 2022,-86.793917,33.5422375,@life_is_art___ @ibdgirl76 Awful
1517494783089991681,Benndover33,Fri Apr 22 13:25:24 +0000 2022,-80.321611,25.912833,@cinnxmongorl That‚Äôs the worst lmfaooo I‚Äôm dead
1517494783157190656,eddiewynn7,Fri Apr 22 13:25:24 +0000 2022,-74.15394699999999,40.572376000000006,@GOPLeader needs to go now!!
1517494783328980992,Eat_therichh,Fri Apr 22 13:25:24 +0000 2022,-117.104989,32.810012,@dopemo Omg I‚Äôve been trying to because I  just watched the documentary about it and now I‚Äôm scared
1517494783643725825,TheReal_ID_Dave,Fri Apr 22 13:25:24 +0000 2022,-72.757385,41.500753,@PSYCH_HYPE Super cute.
1517494783756886017,chasewingfield_,Fri Apr 22 13:25:24 +0000 2022,-80.428864,37.229291,Series dub vs Miami üì∏ // @HokiesBaseball https://t.co/kzKLQMebds
1517494786395099136,dmc_cotie,Fri Apr 22 13:25:25 +0000 2022,-73.9685415,40.780709,"@J9Talley Haha if 56 says it so, it must me right üòÇ https://t.co/8donxOJy6K"
1517494786802032642,mjs_DC,Fri Apr 22 13:25:25 +0000 2022,-77.0143985,38.898602999999994,"@gabrielmalor Although it‚Äôs not legally required, you are supposed to cancel your registration in State A when you‚Ä¶ https://t.co/IW6xyc4Q3E"
1517494787145801728,TMainesDOTcom,Fri Apr 22 13:25:25 +0000 2022,-95.44648649999999,29.838495,I need to start that new Queen of the South
1517494788215476225,Catheri66022881,Fri Apr 22 13:25:25 +0000 2022,-90.011008,29.982601,@JudyMil66878327 @BurgerHarden @elonmusk Exactly what I told the guy above @BurgerHarden . Go build  his own rocket‚Ä¶ https://t.co/ywoK3P2lIh
1517494788706213888,MaryAnnTitanUp,Fri Apr 22 13:25:25 +0000 2022,-86.43558200000001,35.482744,@RealRonHoward Don‚Äôt blame you I‚Äôd do it as well!!
1517494788706213889,starshiptroopr,Fri Apr 22 13:25:25 +0000 2022,-80.134986,26.3739755,Dead or Alive You Spin me Roundhttps://t.co/6o9LPg8YVy
1517494788869742592,phonetech4hire,Fri Apr 22 13:25:26 +0000 2022,-81.010851,34.03605,iPhone XR in for Screen Repair!Let PhoneTech4Hire make YOUR device look NEW again! Weekend Bookings Available!&gt;&gt;‚Ä¶ https://t.co/3xPOg4nTfX
1517494790253801472,will6foot5,Fri Apr 22 13:25:26 +0000 2022,-75.117998,40.0048655,@ShamekaWrites happy Friday Meka!
1517494792644608002,NikkiTorday,Fri Apr 22 13:25:26 +0000 2022,-75.117998,40.0048655,What will you do for the earth today and every day?                                           1. use a reusable wat‚Ä¶ https://t.co/N9FV6ZZkGZ
1517494793961721860,Thedrjway,Fri Apr 22 13:25:27 +0000 2022,-75.77004099999999,42.746617,@Dylan07777 Nope lol üòÜ if I had it my way I‚Äôd train in boots all the time something about them keeps my feet in the‚Ä¶ https://t.co/3y5rz0U2yy
1517494793932349441,AW_nyc,Fri Apr 22 13:25:27 +0000 2022,-73.977717,40.705597499999996,Some Classics #nyc #statueofliberty #blackandwhitephotography #NFTCommmunity #bnw https://t.co/dpJtpAn1zk
1517494795501023234,Recook63Russell,Fri Apr 22 13:25:27 +0000 2022,-98.5406515,29.417501,The More We Know... about how The @GOP is Absolutely no better then the @DNC... They are all in this together...
1517494797291995142,Claytone98,Fri Apr 22 13:25:28 +0000 2022,-73.9685415,40.780709,the fact that i have worked at a certain coffee company for almost 3 years and i‚Äôve earned 19 hrs of PTO is sickening.
1517494797363261440,SpriteWrite,Fri Apr 22 13:25:28 +0000 2022,-118.384,34.0847,"Good morning üåû @ West Hollywood, California https://t.co/Wx8W0Lp6tR"
1517494797551865856,PNWBills,Fri Apr 22 13:25:28 +0000 2022,-122.791854,45.424870999999996,@RumplePigskin13 @Mikeps69_NFL You guys keep saying your coaching got better but your new HC has never even install‚Ä¶ https://t.co/q9sqvde9NS
1517494797862277121,ShaunFoulk2,Fri Apr 22 13:25:28 +0000 2022,-118.308566,33.891035,@y2shanny @realrubysoho I hope they bring her back to Dynamite soon üôè
1517494798642520064,patiomensch,Fri Apr 22 13:25:28 +0000 2022,-93.2620465,44.9706105,"This week, Zosia has started using two-word phrases: ‚ÄúHi, you!‚Äù ‚ÄúThank you‚Äù and mysteriously, ‚Äúbad guy.‚Äù"
1517494798730420224,WilliamRich2012,Fri Apr 22 13:25:28 +0000 2022,-121.959531,37.813777,"@ShanielleSS Following you, fellow #resister #FBR ‚¨ÖÔ∏è #GlobalWarmingIsReal, #FREEDOMTOVOTEACT, #LGBTQALLY, #BLM ‚Ä¶ an‚Ä¶ https://t.co/M1ur65TR7n"
1517494800446021633,allohhhh,Fri Apr 22 13:25:28 +0000 2022,-95.44648649999999,29.838495,Or she could‚Äôve went on her own time lol but that‚Äôs not the point
1517494801150656514,CosbabiesNyc,Fri Apr 22 13:25:28 +0000 2022,-73.9487755,40.655138,@superecchi Why cant I have both?
1517494800789823488,MartaSwiecki,Fri Apr 22 13:25:28 +0000 2022,-79.820465,43.381395999999995,"Amazing Opportunity to own a Fully Detached Bungalow in the desirable Huntington"" neighborhood.  Situated on a chil‚Ä¶ https://t.co/lI9drS3mxc"
1517494803696599040,gabebearsox3435,Fri Apr 22 13:25:29 +0000 2022,-87.8929995,41.852241,I hope Packers  goes 45 years  losting
1517494804707528704,n4ejm,Fri Apr 22 13:25:29 +0000 2022,-83.8774305,34.2807123,"I'm at @RaceTrac in Gainesville, GA https://t.co/t4JnU7tdJ9"
1517494805982588929,sonnyleesmith,Fri Apr 22 13:25:30 +0000 2022,-82.985772,39.9946835,Twitter: Stop comparing politicians and their lack of integrity and grifting capabilities. They all do it. Democrat‚Ä¶ https://t.co/RVcmLxTDOf
1517494806288678917,JamesJubane,Fri Apr 22 13:25:30 +0000 2022,-77.2369685,38.8051145,"@Jeronimobrat Lol, I thought u was trying to trick us. üòÄ"
1517494808134262784,shellylensing1,Fri Apr 22 13:25:30 +0000 2022,-94.370308,35.3572525,"Another crazy GQPer, MTG is groping a cardboard cutout of Trump. Yeah, totally normal behavior"
1517494808041988101,keenanls,Fri Apr 22 13:25:30 +0000 2022,-75.77004099999999,42.746617,"@bspence5 @newtgingrich @JoeNBC Yes, so much has led up2what we r experiencing now w/#GOP. So many former Republica‚Ä¶ https://t.co/UI4lKua3C6"
1517494808775962625,DanMcCa26510433,Fri Apr 22 13:25:30 +0000 2022,-87.84856099999999,42.711776,@Shoq Morning.üíöüè¥‚Äç‚ò†Ô∏èü§™ü¶é
1517494809543516163,myspacemai,Fri Apr 22 13:25:30 +0000 2022,-79.2725695,43.629311,IG users realized u could squeeze roasted garlic and they haven‚Äôt slept since
1517494809639882752,_RECRUITid,Fri Apr 22 13:25:30 +0000 2022,-111.73119349999999,32.925568999999996,üö®New Athlete Alert üö®      Welcome @LelendC to the RECRUITid Family!  ü§ù Please click on the link below to view h‚Ä¶ https://t.co/Wt3mpEVRbU
1517494810516459521,tmj_CT_transp,Fri Apr 22 13:25:31 +0000 2022,-73.5211286,41.0699973,"Interested in a job in #Stamford, CT? This could be a great fit: https://t.co/AAOsHP4ro9 #Transportation"
1517494811242254337,CrispSalads,Fri Apr 22 13:25:31 +0000 2022,-122.53361111,45.44583333,"Just posted a photo @ Happy Valley, Oregon https://t.co/xhX90uBXI0"
1517494811195891712,tmj_maw_pharm,Fri Apr 22 13:25:31 +0000 2022,-71.6977004,42.260224,"Click the link in our bio to see currently open #Pharmaceutical jobs like ""Pharmacist - Long Term Care - Part Time""‚Ä¶ https://t.co/HMG95lnL5S"
1517494813586771969,taysherrr8,Fri Apr 22 13:25:31 +0000 2022,-81.8005785,32.4405105,"What a fun spring it has been with this group! Proud of them for embracing the uncomfortable moments, pushing/helpi‚Ä¶ https://t.co/SiCBX6D5po"
1517494814018785280,johncecilprice,Fri Apr 22 13:25:32 +0000 2022,-75.117998,40.0048655,This is very welcome news to any actual free trade - free market enthusiast. üëç
1517494814211645445,Florquemata123,Fri Apr 22 13:25:32 +0000 2022,-118.4119065,34.0207895,"Yup, artists don‚Äôt make much $$$ off their music‚Ä¶ the producing part I didn‚Äôt know‚Ä¶ üò≥"
1517494815457353728,tmj_IAC_UTIL,Fri Apr 22 13:25:32 +0000 2022,-95.8881542,41.3009263,"Cintas Corporation is hiring in #Omaha, NE! Click the link in our bio to apply: Maintenance Supervisor #cintasjobs"
1517494816275324928,dominicyoung70,Fri Apr 22 13:25:32 +0000 2022,-93.400136,44.927631,"@joncoopertweets Just being honest. Thanks, Kevin Blacksphere‚Ä¶https://t.co/xqJPm4WSCU"
1517494816103231488,ClinicCareers,Fri Apr 22 13:25:32 +0000 2022,-108.5006904,45.7832856,Rock Star employees wanted! Join the Billings Clinic team! See our latest job opening here: https://t.co/a0ZB5AnoA9 #MTjobs #healthcare
1517494817000984576,hornsbyCliff,Fri Apr 22 13:25:32 +0000 2022,-82.6369205,27.385102,"@BretBaier Goolsbee is a bull shit spreader, a true democrat where every thing is somebody else‚Äôs fault! He is a worthless guest!"
1517494818091552769,CamhiLeslie,Fri Apr 22 13:25:32 +0000 2022,-73.9685415,40.780709,@HamiltonCain @janlikezhan Thank you.
1517494818171195394,Beard4Crew96,Fri Apr 22 13:25:32 +0000 2022,-82.985772,39.9946835,Happy bday @josh3williams https://t.co/yAV0ukhrMD
1517494818750009344,JordaniusTweets,Fri Apr 22 13:25:33 +0000 2022,-87.966117,41.5109525,Fr tho https://t.co/hPt6CWz9Pf
1517494821417590784,HawkeyeGeorge,Fri Apr 22 13:25:33 +0000 2022,-93.774755,41.5642575,@balzerstat The breadsticks taste amazing
1517494821316964353,IamBapo,Fri Apr 22 13:25:33 +0000 2022,-78.6349,35.7781,"Thank you @togetherforthegospel @ Raleigh, North Carolina https://t.co/ooZ5AaB5PQ"
1517494821438607362,Jay_Edlin,Fri Apr 22 13:25:33 +0000 2022,-84.433106,33.7671945,@WillAllred117 Techstars Social Impact demo day at The Eastern
1517494822327635968,kavemenbaseball,Fri Apr 22 13:25:33 +0000 2022,-116.406,43.502,H‚öæÔ∏èME game today üí• @ Kuna High School https://t.co/yMBkhN3CQ7
1517494822742806528,reilly_zoda,Fri Apr 22 13:25:34 +0000 2022,-110.9155735,32.1893905,I will never understand how these so called savvy politicians will lie in the face of tape recordings and video.
1517494823120519168,tfortx,Fri Apr 22 13:25:34 +0000 2022,-75.117998,40.0048655,"@lisa_vasilatos @DelfinaValdez8 @MarlowNYC It employs ~77,000 people, and assuming that most are local and their fa‚Ä¶ https://t.co/CYPNN3ePSw"
1517494823770628096,general_devs89,Fri Apr 22 13:25:34 +0000 2022,-74.07016949999999,40.944570999999996,The answer the question ‚Äúwhat is the opposite of the Kool Aid Brigade?‚Äù
1517494824584183808,sean6k,Fri Apr 22 13:25:34 +0000 2022,-122.113371,37.697062,its like the 3rd time this week where i slept 5pm - 6 am wtff
1517494824601014273,DagnyPilkvist05,Fri Apr 22 13:25:34 +0000 2022,-71.0887125,42.3136695,"4/22/2022 is Earth Day, Girls' Day, National Girl Scout Leaders Day, National Jelly Bean Day, Stephen Lawrence Day.‚Ä¶ https://t.co/3IspjGvtIz"
1517494825133686785,EstebanKortez,Fri Apr 22 13:25:34 +0000 2022,-87.732013,41.8335845,My OnlyFans is 25% off this weekend ‚ÄºÔ∏è First 50 subscribers only ‚ÄºÔ∏è Over 200 üî• vids. Subscribe now ‚ÄºÔ∏èü•µ‚Ä¶ https://t.co/XbfEV5fivC
1517494826614284288,iBite_Bxtch,Fri Apr 22 13:25:35 +0000 2022,-82.44269399999999,27.9965945,"@ObeyAmadeus Oooo girl, now that‚Äôs what I call a weekend üòå"
1517494827285458945,MonikaMarie92,Fri Apr 22 13:25:35 +0000 2022,-91.509719,44.819522,Yeah but don‚Äôt get with my friends. https://t.co/Y98IAipZPN
1517494828480835584,TheBee1775,Fri Apr 22 13:25:35 +0000 2022,-84.433106,33.7671945,Pusha-T RAPPIN RAPPIN on this muthafucka!!!!
1517494829130862594,Aka_Stackz,Fri Apr 22 13:25:35 +0000 2022,-84.53981250000001,39.137038000000004,@Latto i wrote u a hit Latto Me
1517494829386768390,ghettoyolie,Fri Apr 22 13:25:35 +0000 2022,-73.9487755,40.655138,Can we start a support group for siblings whose parents neglected to give a middle name.
1517494829730648065,AddisonWill22,Fri Apr 22 13:25:35 +0000 2022,-75.159717,39.954344,Ready to get the weekend started!! You can catch NRG 16 AMPD Navy on court 66 at the North East Qualifier in Philly‚Ä¶ https://t.co/K4uuMF9W2t
1517494830246809604,watsamatawich,Fri Apr 22 13:25:35 +0000 2022,-80.11290349999999,26.533486,Where are the expulsions that should have occurred on 1/7???
1517494830972248069,BigPrettyClit,Fri Apr 22 13:25:36 +0000 2022,-83.1738665,32.6782075,Don‚Äôt argue with me unless you tryna end up like this
1517494832016547843,southboundduke,Fri Apr 22 13:25:36 +0000 2022,-93.80943400000001,32.461107,@GregBoy62722056 @hairymusclelvr @Gaytropics @thekerrve @AussieManGay1 @ranger1544 @Richard_Hood84 @JarheadTagz‚Ä¶ https://t.co/B4qsCFP9Xm
1517494832490590208,of_awakened,Fri Apr 22 13:25:36 +0000 2022,-89.92202900000001,35.1335205,@jaytrece13 @JaMorant U sound stupid
1517494834101116928,Yakiveli,Fri Apr 22 13:25:36 +0000 2022,-73.8494415,40.8503475,"@benmagelsen @TheGuySwann I know right, can't stand the Trump cultists who think the entire inflation problem is th‚Ä¶ https://t.co/F4g6dRQmZN"
1517494834784657409,selinarobinson,Fri Apr 22 13:25:36 +0000 2022,-122.755776,49.285458500000004,Loved watching him play!  May his memory be a blessing.
1517494834881310721,kiaavegas,Fri Apr 22 13:25:36 +0000 2022,-95.44648649999999,29.838495,So in other words he‚Äôs working for free?
1517494833752985600,bradnikkiboze,Fri Apr 22 13:25:36 +0000 2022,-76.62048200000001,39.284712999999996,Never any shortness of laughs and hard work üòÇ 2/3 https://t.co/eLTbadt1AH
1517494839637688321,Tatum1908,Fri Apr 22 13:25:38 +0000 2022,-86.645353,33.597315,Happy Friday! Happy to be off today!
1517494840040181760,CyndiLemke,Fri Apr 22 13:25:38 +0000 2022,-116.94985718,33.71996343,Just posted a photo @ Ramona Bowl Amphitheatre https://t.co/FGFNKJZYK9
1517494840346488832,taesobossy,Fri Apr 22 13:25:38 +0000 2022,-100.0768885,31.1688935,Let the weekend shenanigans begin. üòÖ
1517494840988213249,GraceSharp018,Fri Apr 22 13:25:38 +0000 2022,-94.97660149999999,29.767947,@missrosegoldceo @dremoeh Mine‚Äôs the 22
1517494842418294784,vibesmerchant,Fri Apr 22 13:25:38 +0000 2022,-118.4119065,34.0207895,"The absolute best in my heart. I‚Äôm devastated.Rest in Paradise, Guy. üïä üôèüèº üò¢ https://t.co/arYPwZ11Kf"
1517494843404132354,PatrickMoorhead,Fri Apr 22 13:25:39 +0000 2022,-97.754724,30.323345500000002,@yourminuteisup Or former high school hall monitors.
1517494843555127297,ChinaRickell,Fri Apr 22 13:25:39 +0000 2022,-95.44648649999999,29.838495,My tooth is kicking my assssss
1517494844112920576,AgnstRidden,Fri Apr 22 13:25:39 +0000 2022,-73.9685415,40.780709,"@cheeseshoptom WoW!!! BtW there r Great films of their'69,'72 &amp; '78 shows, r there any good films of THIS AMBITIOUS tour?"
1517494844406607873,Benndover33,Fri Apr 22 13:25:39 +0000 2022,-80.321611,25.912833,@cinnxmongorl Like Marilyn Monroe is this bitch
1517494844775616513,therealamy86,Fri Apr 22 13:25:39 +0000 2022,-83.804475,27.698681999999998,"Me too Buster, me too. https://t.co/bBmLYZ1cCV"
1517494847103455234,rundaddyFC,Fri Apr 22 13:25:39 +0000 2022,-84.433106,33.7671945,"@dougnagy @ATLDOT I like the sound of this, Doug, but forgive me if I'm a bit skeptical based on the last TSPLOST,‚Ä¶ https://t.co/IY3udW5Nz2"
1517494847048925185,pithitting,Fri Apr 22 13:25:39 +0000 2022,-72.1442815,41.362914,"2025 IF/UT Sofia Lieto, Masuk HS, Monroe, CT"
1517494848105893889,QueensQustodian,Fri Apr 22 13:25:40 +0000 2022,-73.9685415,40.780709,Sandwiches cost $10 now
1517494848588296193,JohnASobecki,Fri Apr 22 13:25:40 +0000 2022,-82.170186,27.069032999999997,"@KerryNBC your piece this AM was pure BS, when are you assholes going to stop lying or do they teach you that at NBC"
1517494848802017282,han_sports,Fri Apr 22 13:25:40 +0000 2022,-117.104989,32.810012,10pm i feel so energetic and want to hug the gym.. 6am and i can‚Äôt even walk two steps
1517494849062244356,post49tupelobsb,Fri Apr 22 13:25:40 +0000 2022,-88.728421,34.264073499999995,Best of luck to our guys starting their high school playoff runs today!@JamesArmistead9 @StoneCollier10‚Ä¶ https://t.co/6rmEPbq6Ah
1517494849485819904,TovaHornung,Fri Apr 22 13:25:40 +0000 2022,-80.30116699999999,27.3527275,@ericswalwell Crook
1517494848105947137,yuliabalobanova,Fri Apr 22 13:25:40 +0000 2022,-80.240128,43.534199,"Earth Day üåé - April 22 ! üå±We created 3 biosystems with a pencil, watercolor paints, gel pens and some stickers.‚Ä¶ https://t.co/FflsCoeKP0"
1517494850505031681,13_DeMoNz,Fri Apr 22 13:25:40 +0000 2022,-86.791549,36.200008,"Please bring the Team America crest back, I beg."
1517494852056879110,TmjPhlHealthWlf,Fri Apr 22 13:25:41 +0000 2022,-75.1953934,39.9583587,"If jobs with titles like ""Workforce Advisor Universal Welcome EARN/WIOA"" sound appealing to you, follow us to hear‚Ä¶ https://t.co/VUVfdlqwbY"
1517494852564529152,LJDugie,Fri Apr 22 13:25:41 +0000 2022,-87.852109,42.428254,@CIWYW25 @Adele LolRun grandma Run!!
1517494853902417920,nw3,Fri Apr 22 13:25:41 +0000 2022,-82.985772,39.9946835,@JerryCap But of course Stripe and Plaid haven‚Äôt
1517494854116421632,alexkeown,Fri Apr 22 13:25:41 +0000 2022,-88.1015045,41.9530015,@Mike_Haracz @NavyPier Heard it on @ABC7Chicago this morning.
1517494853931655169,tmj_KSW_schn,Fri Apr 22 13:25:41 +0000 2022,-97.276076,37.701103,"Interested in a job in #Wichita, KS? This could be a great fit. Click the link in our bio to apply: OR Inventory Te‚Ä¶ https://t.co/IuBuPmLgRp"
1517494854988800002,T_Elliott18,Fri Apr 22 13:25:41 +0000 2022,-97.34391500000001,37.6838965,@kinleighfisher Nut up or shut up
1517494855907348480,PrettyDark_Bree,Fri Apr 22 13:25:41 +0000 2022,-96.7617535,32.819858499999995,Im sooo in love with my natural hair üíû
1517494855639134208,VonnaTorrey,Fri Apr 22 13:25:41 +0000 2022,-116.1204617,44.9126906,Come see why we never want to leave. Read about our latest job opening here: Front Desk Agent‚Ä¶ https://t.co/skKXBnfT3f
1517494856196755456,DustyW88,Fri Apr 22 13:25:42 +0000 2022,-86.6807375,32.576227,@Gameonysus It brings all the girls to the yard
1517494856653807617,dante801,Fri Apr 22 13:25:42 +0000 2022,-111.99181887,41.27927928,Russians are inhuman
1517494856871989248,DaveWedge,Fri Apr 22 13:25:42 +0000 2022,-71.08110350000001,42.239163000000005,"RIP üò¢üèíCanadiens icon Guy Lafleur, one of hockey's flashiest players, dead at 70 https://t.co/1ClTKMD6ED #GoHabsGo  @CBC"
1517494857350008833,timamoralesss,Fri Apr 22 13:25:42 +0000 2022,-121.278605,38.119674,My goal was to wake up at 6 but its soooo hard
